076118e3-77be-4e5a-bcd1-3cf5c71a27ab|Adopt Domain-Driven DAV/CardDAV Integration Pattern for External Contact Synchronization: Dav Backend Implementations|4|0|0|4|PASS|
09eac070-0a9f-4824-901f-cfff589b186a|Adopt Laravel Fortify for Authentication Action Standardization: Feature Tests Authentication|0|3|1|4|FAIL|; grep -r "extends.*Fortify" app/Actions/Fortify/ | wc -l; find app/Domains -name "*Service.php" -path "*/Services/*" | wc -l; grep -r "use Illuminate\\Support\\Facades\\Hash" app/Actions/Fortify app/Domains/Settings | wc -l
02161f4f-5873-42cb-9618-faa49e851498|Standardize Authentication Middleware for Journal Management Controllers: Controllers Within App|1|2|0|3|PARTIAL|; grep -r "__construct" app/Domains/Vault/ManageJournals/Web/Controllers/*.php | wc -l; grep -r "middleware" app/Domains/Vault/ManageJournals/Web/Controllers/*.php | grep -v "//" | wc -l
015101c2-2871-413e-8ddb-7015623f7147|Adopt CardDAV/WebDAV Protocol for External Contact Synchronization: External Contact Synchronization|4|0|0|4|PASS|
051feec0-346d-4a25-9dcf-851c11e170b4|Standardize Laravel Fortify for Authentication Runtime: Password Validation Hashing|2|0|1|3|PASS|
0f2bbb50-0f64-4424-ba06-6c6492bff4a2|Enforce Public API Contract Testing in CI/CD Pipeline: Public Contract Tests|1|1|1|3|PARTIAL|; grep -r 'public function test' tests/Unit/Domains/Settings/ | wc -l
0eaaf034-066c-4616-bcc3-e216440f9f27|Standardize Authentication Middleware for Journal Management Controllers: Authentication Configuration Consistent|1|2|0|3|PARTIAL|; grep -r "__construct" app/Domains/Vault/ManageJournals/Web/Controllers/*.php | wc -l; grep -r "middleware" app/Domains/Vault/ManageJournals/Web/Controllers/*.php | grep -v "//" | wc -l
0b08c34c-340d-4856-8ef9-051455af23c8|Adopt Domain-Driven Module Boundaries with External API Integration Layers: External Integrations Organized|3|0|0|3|PASS|
0bec545f-dc19-4467-8277-12b6d25a4323|Standardize Unit and Feature Test Organization in CI/CD Pipeline: Pipelines Execute Both|2|0|2|4|PASS|
0d4e313c-7123-4aff-8f9b-19c35cd0e562|Standardize Laravel Fortify for Authentication Runtime: Authentication Actions Implemented|2|0|1|3|PASS|
12f90e19-8a85-4240-adac-be6d885a40dd|Enforce Public API Contract Testing in CI/CD Pipeline: Breaking Changes Public|1|1|1|3|PARTIAL|; grep -r 'public function test' tests/Unit/Domains/Settings/ | wc -l
1331ceea-2c42-41c2-90d9-0afa4bccf470|Adopt Internationalization (i18n) Language Files for Multi-Language Support: Locale Specific Formatting|2|0|1|3|PASS|
119aff7d-76b0-4121-a084-6f210bbed1a7|Adopt Domain-Driven Service Layer Architecture for Business Operations: Business Operations Implemented|3|0|0|3|PASS|
15e6aa4c-b005-4682-b7e1-6279b10bdc6c|Adopt Quality Gates Pattern for Domain Service Layer Validation: Quality Gates Implemented|0|2|1|3|FAIL|; grep -r 'function.*(' app/Domains/*/Services/ app/Domains/*/Web/ViewHelpers/ app/Domains/*/Web/Controllers/ | wc -l; grep -r 'throw new.*Exception\|if.*empty\|if.*null\|assert\|validate' app/Domains/*/Services/ app/Domains/*/Web/ViewHelpers/ | wc -l
144cf925-c259-4c53-856f-0854e7269130|Adopt Domain-Driven Module Boundaries with External API Integration Layers: Resource Handler Classes|3|0|0|3|PASS|
13fd5be8-42d3-4f06-8178-14c4a177ddd6|Adopt HTTP Client Libraries for External API Integration: Http Client Configurations|2|1|0|3|PARTIAL|; grep -r "curl_exec\|fsockopen" app/ --include="*.php" | wc -l
02c440ec-e6f7-49dd-a383-5f6e3ed95466|Enforce Authorization Checks at Controller Entry Points: Authorization Checks Validate|1|1|1|3|PARTIAL|; grep -r "public function" app/Domains/*/Web/Controllers/ | grep -v "authorize\|policy\|gate" | head -20
16b0917e-b4f3-4987-b67a-52498cbdf872|Organize Domain Logic Using Domain-Driven Design Bounded Contexts: Business Logic Organized|0|3|0|3|FAIL|; find app/Domains -type f -name '*Controller.php' | xargs grep -L 'namespace.*\\Web\\Controllers' | wc -l | grep -q '^0$'; find app/Domains -type f -name '*Service.php' -path '*/Services/*' | wc -l; grep -r 'class.*Controller' app/Domains --include='*.php' | grep -v 'namespace.*\\Web\\Controllers' | wc -l | grep -q '^0$'
19499f50-f43f-40c5-a559-3a7dfab57dae|Enforce Public API Contract Testing in CI/CD Pipeline: Contract Tests Follow|1|1|1|3|PARTIAL|; grep -r 'public function test' tests/Unit/Domains/Settings/ | wc -l
06cdc5dc-e544-4b1a-98fa-018a562681c8|Standardize Eloquent Models as Primary Data Access Layer with Public API Contracts: Models Define Relationships|2|1|0|3|PARTIAL|; find app/Models -name '*.php' -exec php -l {} \; | grep -v 'No syntax errors'
19fd3012-dffc-4242-a6d1-10b46d900bf0|Adopt Laravel Migrations as Standard Database Schema Management: Database Schema Changes|2|1|1|4|PARTIAL|; find database/migrations -name '*.php' -type f | wc -l | grep -E '^[0-9]+$'
19bdf322-5a7d-4e34-81fd-092451627591|Standardize External API Integration with DAV Protocol and DTO Pattern: Permission Validation External|4|0|0|4|PASS|
1a7dced4-f8cf-429b-81cc-729e19620348|Standardize Authentication Middleware for Journal Management Controllers: Controllers Apply Authentication|1|2|0|3|PARTIAL|; grep -r "__construct" app/Domains/Vault/ManageJournals/Web/Controllers/*.php | wc -l; grep -r "middleware" app/Domains/Vault/ManageJournals/Web/Controllers/*.php | grep -v "//" | wc -l
1b7c8081-8b34-44d0-ae87-2fc7d9db81fb|Adopt Laravel Migrations as Standard Database Schema Management: Migration Files Atomic|2|1|1|4|PARTIAL|; find database/migrations -name '*.php' -type f | wc -l | grep -E '^[0-9]+$'
1865f6b8-f33b-405e-8dd2-4c6adc724bdc|Standardize Exception and Logging Formatting for External API Responses: Exception Formatters Include|0|2|1|3|FAIL|; grep -r "class.*Exception" app/ | xargs -I {} sh -c 'grep -l "Formattable\|toArray\|toJson" {}'; grep -r "use.*Loggable" app/ | xargs -I {} sh -c 'grep -l "format\|toArray" {}'
1d20cb34-9f73-457a-b4c2-d06d2d1255dd|Adopt Eloquent ORM Models as Standard Data Access Layer: Models Define Custom|1|2|1|4|PARTIAL|; find app/Models -type f -name '*.php' | xargs grep -L 'namespace App\\Models'; grep -r 'DB::select\|DB::insert\|DB::update\|DB::delete' app/Http/Controllers/ app/Services/ | grep -v 'raw query approved'
203f1528-9e41-4d93-93b9-67f52f24737c|Adopt PHP as Primary Backend Language for Laravel-Based Web Applications: Deployment Targets Include|1|0|2|3|PASS|
2007ea0f-2e2e-450d-bc23-75b1cf2c1c31|Adopt Eloquent ORM Models as Standard Data Access Layer: Model Classes Placed|1|2|1|4|PARTIAL|; find app/Models -type f -name '*.php' | xargs grep -L 'namespace App\\Models'; grep -r 'DB::select\|DB::insert\|DB::update\|DB::delete' app/Http/Controllers/ app/Services/ | grep -v 'raw query approved'
21e15460-7aab-480f-a25d-1574be832927|Adopt Domain-Driven Resource Modeling for Data Access Layer: Models Implement Additional|3|0|0|3|PASS|
227938b2-6854-469f-aad9-7477797a1ded|Organize Test Files by Domain and Feature Modules: Test Organization Facilitate|3|0|0|3|PASS|
22ae04e8-9e57-4692-af89-93b770126d03|Adopt Domain-Driven Module Boundaries with External API Integration Layers: Backend Interfaces External|3|0|0|3|PASS|
22f64611-6976-4b62-8033-98aa33072ed3|Standardize External API Integration with DAV Protocol and DTO Pattern: Protocol Specific Operations|4|0|0|4|PASS|
24d37178-8193-4c84-a2c7-2c735afa0305|Adopt Inertia.js with SSR for Frontend-Backend Integration: Custom Middleware Extending|4|0|0|4|PASS|
24f878a1-a422-47d4-a06d-7ef856f57373|Adopt Domain-Driven DAV/CardDAV Integration Pattern for External Contact Synchronization: Import Export Operations|4|0|0|4|PASS|
2519078b-0f90-411e-a389-8298969c141c|Adopt Inertia.js for Server-Driven Single Page Application Rendering: Form Submissions Return|1|1|1|3|PARTIAL|; grep -r "return view(" app/Domains/Vault/ManageJournals/Web/Controllers/ | wc -l
19793303-6810-4b89-a314-66db0443c8a9|Enforce Authorization Checks at Controller Entry Points: Controllers Not Delegate|1|1|1|3|PARTIAL|; grep -r "public function" app/Domains/*/Web/Controllers/ | grep -v "authorize\|policy\|gate" | head -20
26aefc69-879e-44de-b4da-23a93b68749a|Adopt Laravel Migrations as Standard Database Schema Management: Direct Sql Schema|2|1|1|4|PARTIAL|; find database/migrations -name '*.php' -type f | wc -l | grep -E '^[0-9]+$'
2592d94e-2431-43db-8f1a-cb0f08ee756c|Use Laravel Hash Facade for Password Credential Storage: Password Hashing Operations|3|0|1|4|PASS|
297a9284-b679-4589-bd7c-0fb5ad0b8da9|Adopt Domain-Driven Service Layer Pattern for Journal Management: Business Logic Journal|2|1|0|3|PARTIAL|; find app/Domains/*/Services -type f -name '*.php' | wc -l
285a9e52-b2bc-490f-92d8-30d3fa296109|Standardize Primary Datastore Access Patterns in Domain Services and Helpers: Datastore Interactions Use|1|0|2|3|PASS|
25da7b94-7e2e-4489-93e3-ade185919874|Adopt HTTP Client Libraries for External API Integration: External Http Communications|2|1|0|3|PARTIAL|; grep -r "curl_exec\|fsockopen" app/ --include="*.php" | wc -l
29c6e2a5-e3bd-4711-9861-ba5514ee721c|Standardize Unit and Feature Test Organization in CI/CD Pipeline: Feature Tests Placed|2|0|2|4|PASS|
29f59196-d9c7-4132-9070-b554d961b063|Adopt Laravel Fortify for Authentication with Centralized Input Validation: Input Validation Rules|3|0|1|4|PASS|
2c49237a-2e03-4ca0-ad72-ff79bd1448a5|Adopt Internationalization (i18n) Language Files for Multi-Language Support: Translation Files Use|2|0|1|3|PASS|
2bf2ed5b-d8da-4484-bab4-c44afda7ddb5|Standardize Exception and Logging Formatting for External API Responses: Logging Utilities Such|0|2|1|3|FAIL|; grep -r "class.*Exception" app/ | xargs -I {} sh -c 'grep -l "Formattable\|toArray\|toJson" {}'; grep -r "use.*Loggable" app/ | xargs -I {} sh -c 'grep -l "format\|toArray" {}'
2cfb1582-60b3-4b1c-a352-19f2913d5670|Standardize Public API Contract Design with Interface-Based DTOs and Exception Handling: Public Contracts Not|4|0|0|4|PASS|
264b9c0f-2304-4715-8066-d6511e408482|Enforce Authorization Checks at Controller Entry Points: Applications Use Framework|1|1|1|3|PARTIAL|; grep -r "public function" app/Domains/*/Web/Controllers/ | grep -v "authorize\|policy\|gate" | head -20
3161ad48-6687-4df7-8358-5e3bb7a4b680|Adopt Laravel Fortify for Authentication with Centralized Input Validation: Services That Handle|3|0|1|4|PASS|
2dde2ad0-0bc7-4023-889a-ddfbcf6d15e7|Standardize Exception and Logging Formatting for External API Responses: Exception Classes Exposed|0|2|1|3|FAIL|; grep -r "class.*Exception" app/ | xargs -I {} sh -c 'grep -l "Formattable\|toArray\|toJson" {}'; grep -r "use.*Loggable" app/ | xargs -I {} sh -c 'grep -l "format\|toArray" {}'
3511fda3-28d1-49cd-a4ba-e22d4204dd78|Adopt PHP as Primary Backend Language for Laravel-Based Web Applications: Php Extensions Required|1|0|2|3|PASS|
31f27c06-ba5a-4cbf-b70d-1773597e562b|Adopt Laravel Fortify for Authentication Action Standardization: Authentication Actions Password|0|3|1|4|FAIL|; grep -r "extends.*Fortify" app/Actions/Fortify/ | wc -l; find app/Domains -name "*Service.php" -path "*/Services/*" | wc -l; grep -r "use Illuminate\\Support\\Facades\\Hash" app/Actions/Fortify app/Domains/Settings | wc -l
2d65622b-233c-4021-b389-bb47f392f5c8|Adopt Eloquent ORM Models as Standard Data Access Layer: Each Model Correspond|1|2|1|4|PARTIAL|; find app/Models -name '*.php' -exec grep -L 'namespace App\\Models' {} \;; grep -r "DB::table\|DB::select" app/Http app/Services | grep -v "// Exception" | wc -l
3a39b69b-f005-4e71-bf78-738e2ad9bc03|Adopt PHP as Primary Backend Language for Laravel-Based Web Applications: Application Servers Use|1|0|2|3|PASS|
38d91987-5e27-47b8-8c41-f87de9584b4c|Standardize Public API Contract Design with Interface-Based DTOs and Exception Handling: Data Crossing Public|4|0|0|4|PASS|
38f686a5-cf99-4fd1-b4b8-a709af962732|Standardize Public API Contract Design with Interface-Based DTOs and Exception Handling: External Service Integrations|4|0|0|4|PASS|
3b5d15bb-fbad-4257-ba58-11456d441ad3|Standardize External API Integration with DAV Protocol and DTO Pattern: External Integrations Implement|4|0|0|4|PASS|
3a4647ab-43d2-4dc4-8c20-31944a7f49cb|Adopt HTTP Client Libraries for External API Integration: Oauth Authentication Flows|2|1|0|3|PARTIAL|; grep -r "curl_exec\|fsockopen" app/ --include="*.php" | wc -l
3b478d47-3c51-476e-a0f2-53854498f1bb|Standardize Exception and Logging Formatting for External API Responses: Formatted Error Responses|0|2|1|3|FAIL|; grep -r "class.*Exception" app/ | xargs -I {} sh -c 'grep -l "Formattable\|toArray\|toJson" {}'; grep -r "use.*Loggable" app/ | xargs -I {} sh -c 'grep -l "format\|toArray" {}'
3b65e938-0634-4eed-9ec2-c56a84cd3a8e|Adopt Domain-Driven Controller Organization for Journal Management: Domains Organize Controllers|2|0|1|3|PASS|
12ecc379-172e-4b7a-abea-03429a8c9e86|Adopt Mock-Based Unit Testing for External Service Dependencies in CI/CD Pipeline: Integration Tests That|1|1|1|3|PARTIAL|; grep -r "new.*Client\|->connect\|->request" tests/Unit/ | grep -v "Mock\|Stub\|Fake" | wc -l
3f283748-13f1-4589-824e-7e317fc90bb5|Adopt Inertia.js for Server-Driven Single Page Application Rendering: Controllers Use Inertia|1|1|1|3|PARTIAL|; grep -r "return view(" app/Domains/Vault/ManageJournals/Web/Controllers/ | wc -l
3d935770-36c9-4777-988b-223bf3e65d48|Organize Test Files by Domain and Feature Modules: Test Files Maintain|3|0|0|3|PASS|
3e31d8c0-1321-4452-9268-e48d08987ac5|Adopt Internationalization (i18n) Language Files for Multi-Language Support: New Locales Maintain|2|0|1|3|PASS|
4033e547-681d-462f-b7f2-0bd187f9ccf8|Adopt Domain-Driven Controller Organization for Journal Management: Each Distinct Entity|2|0|1|3|PASS|
24300b29-ec05-4041-8161-f7967b1abe53|Adopt Mock-Based Unit Testing for External Service Dependencies in CI/CD Pipeline: Unit Tests Services|1|1|1|3|PARTIAL|; grep -r "new.*Client\|->connect\|->request" tests/Unit/ | grep -v "Mock\|Stub\|Fake" | wc -l
42301a44-bd42-41ca-87f0-1245cd9a31e0|Enforce Authorization Checks at Controller Entry Points: Services That Can|1|1|1|3|PARTIAL|; grep -r "public function" app/Domains/*/Web/Controllers/ | grep -v "authorize\|policy\|gate" | head -20
42560c4b-d76b-428f-afaf-f1a7eccf4251|Adopt PHP as Primary Backend Language for Laravel-Based Web Applications: Backend Application Code|1|0|2|3|PASS|
42422de8-442f-4b5c-8fd1-31f495b2d111|Organize Test Files by Domain and Feature Modules: Test Files Organized|3|0|0|3|PASS|
44691ead-df85-4043-95b3-218cdea66a0a|Enforce Public API Contract Testing in CI/CD Pipeline: Contract Tests Validate|1|1|1|3|PARTIAL|; grep -r 'public function test' tests/Unit/Domains/Settings/ | wc -l
45587d78-b197-4a35-8891-1f6ca5719e6f|Adopt PHP as Primary Backend Language for Laravel-Based Web Applications: Development Production Environments|1|0|2|3|PASS|
429f7d79-0c93-423a-bf3c-6eb566b08b4c|Standardize PHPUnit Test Structure with setUp and Trait-Based Helpers: Tests Use Factory|3|0|0|3|PASS|
4698a97f-45d8-4a02-8b10-c11b726766a9|Adopt Eloquent ORM Models as Standard Data Modeling Pattern: Models Define Custom|1|1|1|3|PARTIAL|; find app/Models -type f -name '*.php' | xargs grep -L 'extends Model' | wc -l | grep -q '^0$'
47660373-73f6-4911-8203-2cfd1825ea5b|Enforce Public API Contract Testing in CI/CD Pipeline: Public Endpoints Service|1|1|1|3|PARTIAL|; grep -r 'public function test' tests/Unit/Domains/Settings/ | wc -l
47775cf6-f35a-48ef-9677-f394639c5503|Adopt PHPUnit for Unit Testing in Domain-Driven Architecture: Unit Tests Focus|1|1|1|3|PARTIAL|; grep -r 'use PHPUnit\\Framework\\TestCase' tests/Unit/Domains/ | wc -l
4815071c-1433-4316-bd8f-92d214e623d9|Adopt Domain-Driven Module Boundaries with External API Integration Layers: Viewhelper Classes Providing|3|0|0|3|PASS|
484c2b41-e1d1-44e5-bc1e-79c572149f1a|Adopt Quality Gates Pattern for Domain Service Layer Validation: Controllers Receiving Webhook|0|2|1|3|FAIL|; grep -r 'function.*(' app/Domains/*/Services/ app/Domains/*/Web/ViewHelpers/ app/Domains/*/Web/Controllers/ | wc -l; grep -r 'throw new.*Exception\|if.*empty\|if.*null\|assert\|validate' app/Domains/*/Services/ app/Domains/*/Web/ViewHelpers/ | wc -l
483f72cf-e356-4c53-9e93-b5a072a73c3b|Adopt Domain-Driven Service Layer Architecture for Business Operations: Domain Services Reused|3|0|0|3|PASS|
48558b7e-de26-4299-9c39-2c689a830397|Adopt Laravel Fortify for Authentication Action Standardization: Authentication Action Classes|0|3|1|4|FAIL|; grep -r "extends.*Fortify" app/Actions/Fortify/ | wc -l; find app/Domains -name "*Service.php" -path "*/Services/*" | wc -l; grep -r "use Illuminate\\Support\\Facades\\Hash" app/Actions/Fortify app/Domains/Settings | wc -l
49fd204f-153c-4534-a56d-10b74d0b99cb|Adopt Domain-Driven DAV/CardDAV Integration Pattern for External Contact Synchronization: Data Transfer Between|4|0|0|4|PASS|
35680f9b-d01d-4d5e-a70b-a9f5be67e0b0|Adopt Mock-Based Unit Testing for External Service Dependencies in CI/CD Pipeline: Test Doubles Created|1|1|1|3|PARTIAL|; grep -r "new.*Client\|->connect\|->request" tests/Unit/ | grep -v "Mock\|Stub\|Fake" | wc -l
4a7ac73e-3ee3-43bb-99ba-119d29bca2a7|Adopt Domain-Driven Controller Organization for Journal Management: Controller Naming Follow|2|0|1|3|PASS|
4ac3f7e5-f3af-4999-9d37-0f447446df0a|Adopt Eloquent ORM Models as Standard Data Modeling Pattern: Complex Query Logic|1|1|1|3|PARTIAL|; find app/Models -type f -name '*.php' | xargs grep -L 'extends Model' | wc -l | grep -q '^0$'
4a32e367-d695-4f9c-a7f7-4940cdff5890|Use Laravel Hash Facade for Password Credential Storage: Password Hashing Occur|3|0|1|4|PASS|
4af951e7-2616-46b3-8e0d-07037605542e|Adopt Domain-Driven Resource Modeling for Data Access Layer: Resource Classes External|3|0|0|3|PASS|
4d42f340-cd6c-4a0e-a8e3-4522a863ca2b|Adopt Laravel Fortify for Authentication Action Standardization: Controllers Delegate Domain|0|3|1|4|FAIL|; grep -r "extends.*Fortify" app/Actions/Fortify/ | wc -l; find app/Domains -name "*Service.php" -path "*/Services/*" | wc -l; grep -r "use Illuminate\\Support\\Facades\\Hash" app/Actions/Fortify app/Domains/Settings | wc -l
4e336b60-4c0a-46c1-b6a6-2ced1bceecb1|Organize Test Files by Domain and Feature Modules: Each Domain Subdirectory|3|0|0|3|PASS|
4ec0005c-15aa-4bca-b91a-7745818704d9|Standardize Public API Contract Design with Interface-Based DTOs and Exception Handling: Public Components Implement|4|0|0|4|PASS|
4f3559f1-acf3-470c-9127-cde255826d7a|Adopt Eloquent ORM Models as Standard Data Modeling Pattern: Business Logic Not|2|0|1|3|PASS|
4f982fa8-5f95-4a92-bd62-6dcca1cfcbed|Adopt CardDAV/WebDAV Protocol for External Contact Synchronization: Import Operations Provide|4|0|0|4|PASS|
5159ca99-f7c2-4121-a85b-ac1a26c32aeb|Standardize Primary Datastore Access Patterns in Domain Services and Helpers: Data Access Logic|1|0|2|3|PASS|
51862232-191c-400a-9d75-9609a462755e|Organize Test Files by Domain and Feature Modules: Pipelines Implement Domain|3|0|0|3|PASS|
5026b11c-c830-4d13-9ebc-1db849903edf|Adopt Eloquent ORM Models as Standard Data Access Layer: Database Entities Represented|1|2|1|4|PARTIAL|; find app/Models -name '*.php' -exec grep -L 'namespace App\\Models' {} \;; grep -r "DB::table\|DB::select" app/Http app/Services | grep -v "// Exception" | wc -l
51ad1910-8058-4769-8222-26280571973c|Adopt Laravel Fortify for Authentication with Centralized Input Validation: Custom Fortify Actions|3|0|1|4|PASS|
52453495-e7fb-493c-93a1-100ddacc8679|Adopt Inertia.js for Server-Driven Single Page Application Rendering: Web Controllers Managejournals|1|1|1|3|PARTIAL|; grep -r "return view(" app/Domains/Vault/ManageJournals/Web/Controllers/ | wc -l
51fddbf5-1ec1-44ce-945a-988df4ef1e58|Standardize Unit and Feature Test Organization in CI/CD Pipeline: Test Files Follow|2|0|2|4|PASS|
525dcdf5-ba83-4f6f-b189-e6a90abb0a1a|Standardize Primary Datastore Access Patterns in Domain Services and Helpers: Direct Sql Queries|1|0|2|3|PASS|
54a9d5ad-2a94-4a38-a616-f3fb59ac8f9b|Standardize External API Integration with DAV Protocol and DTO Pattern: Viewhelper Classes Used|4|0|0|4|PASS|
540a84b8-9111-4455-9730-54b972fd176f|Adopt Eloquent ORM Models as Standard Data Access Layer: Models Define Custom|1|2|1|4|PARTIAL|; find app/Models -name '*.php' -exec grep -L 'namespace App\\Models' {} \;; grep -r "DB::table\|DB::select" app/Http app/Services | grep -v "// Exception" | wc -l
5743c085-e34c-46e0-8cd2-7e50209bcf9e|Organize Domain Logic Using Domain-Driven Design Bounded Contexts: Controllers Delegate Business|0|3|0|3|FAIL|; find app/Domains -type f -name '*Controller.php' | xargs grep -L 'namespace.*\\Web\\Controllers' | wc -l | grep -q '^0$'; find app/Domains -type f -name '*Service.php' -path '*/Services/*' | wc -l; grep -r 'class.*Controller' app/Domains --include='*.php' | grep -v 'namespace.*\\Web\\Controllers' | wc -l | grep -q '^0$'
5b061b60-fa99-437a-aad4-407ade1ef10c|Adopt Laravel Fortify for Authentication with Centralized Input Validation: Applications Customize Fortify|3|0|1|4|PASS|
5bf1899b-1860-49b4-9cc4-789c1a73fd89|Adopt Eloquent ORM Models as Standard Data Modeling Pattern: Models Define Explicit|1|1|1|3|PARTIAL|; find app/Models -type f -name '*.php' | xargs grep -L 'extends Model' | wc -l | grep -q '^0$'
5c4fa3cb-4450-4308-872f-6fedbd8e4abf|Standardize External API Integration with DAV Protocol and DTO Pattern: External Clients Implement|4|0|0|4|PASS|
5b0ab3dc-0dfd-4d8c-8987-a2587b52f19a|Adopt Eloquent ORM Models as Standard Data Modeling Pattern: Each Model Class|2|0|1|3|PASS|
5dba8b3a-57ed-4265-a5cf-bb7f9ba27e7f|Adopt Quality Gates Pattern for Domain Service Layer Validation: Domain Service Methods|0|2|1|3|FAIL|; grep -r 'function.*(' app/Domains/*/Services/ app/Domains/*/Web/ViewHelpers/ app/Domains/*/Web/Controllers/ | wc -l; grep -r 'throw new.*Exception\|if.*empty\|if.*null\|assert\|validate' app/Domains/*/Services/ app/Domains/*/Web/ViewHelpers/ | wc -l
5e69175d-a2b5-4801-a227-1c3951c031e6|Standardize PHPUnit Test Structure with setUp and Trait-Based Helpers: Test File Naming|3|0|0|3|PASS|
5d98f3fc-a155-463b-b34a-81eafc2dced9|Adopt Eloquent ORM Models as Standard Data Modeling Pattern: Database Backed Domain|2|0|1|3|PASS|
5f6c0202-929e-41e5-ba01-b30a89bf3089|Adopt Eloquent ORM Models as Standard Data Modeling Pattern: Models Declare Fillable|1|1|1|3|PARTIAL|; find app/Models -type f -name '*.php' | xargs grep -L 'extends Model' | wc -l | grep -q '^0$'
6010475d-5fc6-4ec0-8a4e-f9cf3fa306d3|Adopt Laravel Fortify for Authentication Action Standardization: Password Validation Hashing|0|3|1|4|FAIL|; grep -r "extends.*Fortify" app/Actions/Fortify/ | wc -l; find app/Domains -name "*Service.php" -path "*/Services/*" | wc -l; grep -r "use Illuminate\\Support\\Facades\\Hash" app/Actions/Fortify app/Domains/Settings | wc -l
604b2bd2-5c0b-4908-8d6b-0de32c5aa607|Adopt Domain-Driven Service Layer Architecture for Business Operations: Web Controllers Delegate|3|0|0|3|PASS|
61ca5e06-d3c7-4126-8963-960db57c42ba|Adopt Quality Gates Pattern for Domain Service Layer Validation: View Helpers That|0|2|1|3|FAIL|; grep -r 'function.*(' app/Domains/*/Services/ app/Domains/*/Web/ViewHelpers/ app/Domains/*/Web/Controllers/ | wc -l; grep -r 'throw new.*Exception\|if.*empty\|if.*null\|assert\|validate' app/Domains/*/Services/ app/Domains/*/Web/ViewHelpers/ | wc -l
62131bbc-7fc4-4fc2-88a8-1114840037fe|Adopt Inertia.js with SSR for Frontend-Backend Integration: Javascript Entry Points|4|0|0|4|PASS|
63829012-1955-4eaa-a77c-d3c4034d41cf|Adopt Domain-Driven DAV/CardDAV Integration Pattern for External Contact Synchronization: Domain Services Implement|4|0|0|4|PASS|
643f3395-d2b2-4c49-8de7-6232adbd4cee|Adopt Eloquent ORM Models as Standard Data Modeling Pattern: Models Not Contain|1|1|1|3|PARTIAL|; find app/Models -type f -name '*.php' | xargs grep -L 'extends Model' | wc -l | grep -q '^0$'
65040368-8be8-4a12-b0a2-dc4c421f4b6d|Standardize Logging with Laravel Log Facade in DAV and Job Components: Log Statements Include|2|0|1|3|PASS|
02111112-3f79-470b-875f-7a34b18f9068|Adopt Domain-Driven Test Organization with Mirrored Directory Structure: Test File Names|1|1|1|3|PARTIAL|; grep -r 'namespace.*Tests\\Unit\\Domains' tests/Unit/Domains --include='*.php' | awk -F: '{print $1}' | while read f; do ns=$(grep namespace $f | head -1 | sed 's/.*namespace //;s/;//'); path=$(echo $ns | sed 's/\\/\//g' | sed 's/Tests\/Unit\///'); expected="tests/Unit/$path"; actual=$(dirname $f); [ "$expected" = "$actual" ] || echo "Mismatch: $f"; done
65fd2de8-816f-4c56-b160-fc3301752438|Standardize PHPUnit Test Structure with setUp and Trait-Based Helpers: Phpunit Test Classes|3|0|0|3|PASS|
67f41c36-8033-42ad-8dc0-74ff35f89031|Adopt Inertia.js for Server-Driven Single Page Application Rendering: Controllers Not Mix|1|1|1|3|PARTIAL|; grep -r "return view(" app/Domains/Vault/ManageJournals/Web/Controllers/ | wc -l
68e718b0-8dff-48bb-9d98-03f3c3d236c0|Adopt CardDAV/WebDAV Protocol for External Contact Synchronization: Viewhelpers Integrate Dav|4|0|0|4|PASS|
69924778-4cf1-477d-8cc9-b936643f19c1|Standardize Authentication Middleware for Journal Management Controllers: Individual Route Methods|1|2|0|3|PARTIAL|; grep -r "__construct" app/Domains/Vault/ManageJournals/Web/Controllers/*.php | wc -l; grep -r "middleware" app/Domains/Vault/ManageJournals/Web/Controllers/*.php | grep -v "//" | wc -l
6a45f26c-5607-4d42-8a06-60c720593baa|Adopt Laravel Fortify for Authentication with Centralized Input Validation: Fortify Actions Registered|3|0|1|4|PASS|
6a12618a-f2c7-4302-a538-b872e72ba904|Adopt Domain-Driven Service Layer Architecture for Business Operations: Service Classes Encapsulate|3|0|0|3|PASS|
6a8c4e53-e9eb-4035-bca8-156f4a16bece|Standardize Logging with Laravel Log Facade in DAV and Job Components: Components Use Dedicated|2|0|1|3|PASS|
6b0fe053-7ede-4625-82e3-a79dd3a91ea5|Adopt Domain-Driven Service Layer Pattern for Journal Management: Service Classes Follow|2|1|0|3|PARTIAL|; find app/Domains/*/Services -type f -name '*.php' | wc -l
6a7d288b-ad41-4318-8e33-303995c259d2|Adopt HTTP Client Libraries for External API Integration: Projects Implement Custom|2|1|0|3|PARTIAL|; grep -r "curl_exec\|fsockopen" app/ --include="*.php" | wc -l
6b18ae9a-e9ea-44fb-8a0e-55605d30cafb|Adopt Domain-Driven Service Layer Pattern for Journal Management: Services Handle Transaction|2|1|0|3|PARTIAL|; find app/Domains/*/Services -type f -name '*.php' | wc -l
6c0bde3d-ca03-4a84-9705-b8ef706ec80e|Adopt Domain-Driven Service Layer Architecture for Business Operations: Domain Services Organized|3|0|0|3|PASS|
6e007f36-72ac-48b4-a0b1-71916810f0b9|Adopt PHPUnit for Unit Testing in Domain-Driven Architecture: Test Class Files|1|1|1|3|PARTIAL|; grep -r 'use PHPUnit\\Framework\\TestCase' tests/Unit/Domains/ | wc -l
6f6ffe94-3692-4a2c-b596-bac98ab1e401|Adopt Domain-Driven Module Boundaries with External API Integration Layers: Each External Integration|3|0|0|3|PASS|
731bed30-1dfe-427f-8e3b-ba337b9592e4|Standardize Laravel Fortify for Authentication Runtime: Feature Tests Authentication|2|0|1|3|PASS|
6c436123-0f9b-49bc-a490-87aea002f637|Enforce Authorization Checks at Controller Entry Points: Authorization Enforcement Points|1|1|1|3|PARTIAL|; grep -r "public function" app/Domains/*/Web/Controllers/ | grep -v "authorize\|policy\|gate" | head -20
2b55539d-59b5-412b-be03-abd0bdc5c242|Adopt Domain-Driven Test Organization with Mirrored Directory Structure: Domain Boundaries Reflected|1|1|1|3|PARTIAL|; grep -r 'namespace.*Tests\\Unit\\Domains' tests/Unit/Domains --include='*.php' | awk -F: '{print $1}' | while read f; do ns=$(grep namespace $f | head -1 | sed 's/.*namespace //;s/;//'); path=$(echo $ns | sed 's/\\/\//g' | sed 's/Tests\/Unit\///'); expected="tests/Unit/$path"; actual=$(dirname $f); [ "$expected" = "$actual" ] || echo "Mismatch: $f"; done
73e4248d-338a-4ea7-a98e-13aaa84f2d43|Adopt Eloquent ORM Models as Standard Data Access Layer: Model Classes Placed|1|2|1|4|PARTIAL|; find app/Models -name '*.php' -exec grep -L 'namespace App\\Models' {} \;; grep -r "DB::table\|DB::select" app/Http app/Services | grep -v "// Exception" | wc -l
74997ef3-3ad2-49e9-a4cb-2aac037e719e|Standardize Eloquent Models as Primary Data Access Layer with Public API Contracts: Models Define Fillable|2|1|0|3|PARTIAL|; find app/Models -name '*.php' -exec php -l {} \; | grep -v 'No syntax errors'
7652f64f-ed3f-4c67-9e48-0d7e8890fb2a|Enforce Authorization Checks at Controller Entry Points: Authorization Logic Centralized|1|1|1|3|PARTIAL|; grep -r "public function" app/Domains/*/Web/Controllers/ | grep -v "authorize\|policy\|gate" | head -20
773ccd70-a291-4972-afc1-1ddc8186edfe|Adopt CardDAV/WebDAV Protocol for External Contact Synchronization: Non Compliant Dav|4|0|0|4|PASS|
77ef8512-04f4-489d-b7f1-68e980f4278a|Adopt PHP as Primary Backend Language for Laravel-Based Web Applications: Authentication Security Critical|1|0|2|3|PASS|
77087a51-ee96-466b-a400-63368728bbb5|Standardize Eloquent Models as Primary Data Access Layer with Public API Contracts: Model Classes Placed|2|1|0|3|PARTIAL|; find app/Models -name '*.php' -exec php -l {} \; | grep -v 'No syntax errors'
785614c3-e392-40dc-8b35-696a7c0c9613|Adopt Inertia.js with SSR for Frontend-Backend Integration: Middleware Handling Stateful|4|0|0|4|PASS|
78872876-55b6-471e-b406-516f04c87b92|Adopt Laravel Fortify for Authentication Action Standardization: Authentication Actions Stateless|0|3|1|4|FAIL|; grep -r "extends.*Fortify" app/Actions/Fortify/ | wc -l; find app/Domains -name "*Service.php" -path "*/Services/*" | wc -l; grep -r "use Illuminate\\Support\\Facades\\Hash" app/Actions/Fortify app/Domains/Settings | wc -l
783bd467-b7cd-4316-8585-2087d212e59f|Use Laravel Hash Facade for Password Credential Storage: Plain Text Passwords|3|0|1|4|PASS|
789d6235-3c0c-4729-93d1-14dc6c01dece|Standardize Primary Datastore Access Patterns in Domain Services and Helpers: View Helpers Retrieve|1|0|2|3|PASS|
3fa8b5ac-aee7-4648-b86e-1ba64e3d6cb4|Adopt Domain-Driven Test Organization with Mirrored Directory Structure: Pipelines Leverage Domain|1|1|1|3|PARTIAL|; grep -r 'namespace.*Tests\\Unit\\Domains' tests/Unit/Domains --include='*.php' | awk -F: '{print $1}' | while read f; do ns=$(grep namespace $f | head -1 | sed 's/.*namespace //;s/;//'); path=$(echo $ns | sed 's/\\/\//g' | sed 's/Tests\/Unit\///'); expected="tests/Unit/$path"; actual=$(dirname $f); [ "$expected" = "$actual" ] || echo "Mismatch: $f"; done
79010db0-c16e-4b9d-8bee-54a3130bd292|Organize Domain Logic Using Domain-Driven Design Bounded Contexts: Each Domain Separate|0|3|0|3|FAIL|; find app/Domains -type f -name '*Controller.php' | xargs grep -L 'namespace.*\\Web\\Controllers' | wc -l | grep -q '^0$'; find app/Domains -type f -name '*Service.php' -path '*/Services/*' | wc -l; grep -r 'class.*Controller' app/Domains --include='*.php' | grep -v 'namespace.*\\Web\\Controllers' | wc -l | grep -q '^0$'
7976c28e-387f-4bed-ba5b-0de64c23b313|Organize Domain Logic Using Domain-Driven Design Bounded Contexts: Service Classes Not|0|3|0|3|FAIL|; find app/Domains -type f -name '*Controller.php' | xargs grep -L 'namespace.*\\Web\\Controllers' | wc -l | grep -q '^0$'; find app/Domains -type f -name '*Service.php' -path '*/Services/*' | wc -l; grep -r 'class.*Controller' app/Domains --include='*.php' | grep -v 'namespace.*\\Web\\Controllers' | wc -l | grep -q '^0$'
7d8a9db9-4f3c-470a-b381-222c8371fa01|Adopt Domain-Driven Controller Organization for Journal Management: Controllers Placed Within|2|0|1|3|PASS|
7a44f2b4-bdbd-4669-aaca-a7ef48079ea0|Adopt HTTP Client Libraries for External API Integration: Vcard Vcalendar Data|2|1|0|3|PARTIAL|; grep -r "curl_exec\|fsockopen" app/ --include="*.php" | wc -l
7b31204c-732a-4498-b206-a83a2648f771|Standardize Exception and Logging Formatting for External API Responses: Exception Classes Include|0|2|1|3|FAIL|; grep -r "class.*Exception" app/ | xargs -I {} sh -c 'grep -l "Formattable\|toArray\|toJson" {}'; grep -r "use.*Loggable" app/ | xargs -I {} sh -c 'grep -l "format\|toArray" {}'
7dfa8519-851b-4e6d-aded-83e96ccfa025|Standardize Public API Contract Design with Interface-Based DTOs and Exception Handling: Public Contracts Include|4|0|0|4|PASS|
7e158c0b-8a39-400c-adac-638bcf687883|Adopt Domain-Driven DAV/CardDAV Integration Pattern for External Contact Synchronization: External Dav Carddav|4|0|0|4|PASS|
7fad0b4e-7d19-4c5d-b0ee-fd940e03ecb1|Adopt Domain-Driven Service Layer Pattern for Journal Management: Service Class Names|2|1|0|3|PARTIAL|; find app/Domains/*/Services -type f -name '*.php' | wc -l
7d631ee0-6447-483e-b323-8d380809d873|Adopt Eloquent ORM Models as Standard Data Modeling Pattern: Relationships Between Entities|2|0|1|3|PASS|
7faedac6-afc3-4945-b346-b17b95bc401f|Adopt Laravel Migrations as Standard Database Schema Management: Migrations Include Data|2|1|1|4|PARTIAL|; find database/migrations -name '*.php' -type f | wc -l | grep -E '^[0-9]+$'
80de625b-007b-4a74-895a-cc5e40a2a73d|Standardize Unit and Feature Test Organization in CI/CD Pipeline: Pipelines Run Unit|2|0|2|4|PASS|
8271f3b0-31be-4230-935e-764bca15f499|Adopt Eloquent ORM Models as Standard Data Modeling Pattern: Model Classes Placed|1|1|1|3|PARTIAL|; find app/Models -type f -name '*.php' | xargs grep -L 'extends Model' | wc -l | grep -q '^0$'
8223d6db-7769-4e19-9427-79c9d8c8ae86|Adopt CardDAV/WebDAV Protocol for External Contact Synchronization: Dav Backend Implementations|4|0|0|4|PASS|
8356befe-8f63-4d24-825c-74227fa2a914|Adopt Quality Gates Pattern for Domain Service Layer Validation: Domain Services Not|0|2|1|3|FAIL|; grep -r 'function.*(' app/Domains/*/Services/ app/Domains/*/Web/ViewHelpers/ app/Domains/*/Web/Controllers/ | wc -l; grep -r 'throw new.*Exception\|if.*empty\|if.*null\|assert\|validate' app/Domains/*/Services/ app/Domains/*/Web/ViewHelpers/ | wc -l
82428571-2c5e-42c7-a8d9-c8a31aeb5042|Adopt Domain-Driven Module Boundaries with External API Integration Layers: Integration Modules Include|3|0|0|3|PASS|
87d667cf-6ef2-47e9-9416-321ec4961013|Standardize Unit and Feature Test Organization in CI/CD Pipeline: Unit Tests Run|2|0|2|4|PASS|
8889738f-5863-40d5-b91a-4156c3bff384|Adopt Domain-Driven Module Boundaries with External API Integration Layers: External Specific Exceptions|3|0|0|3|PASS|
854ce89e-ba13-4f00-a4f3-13fdd4991899|Adopt Eloquent ORM Models as Standard Data Access Layer: Models Use Type|1|2|1|4|PARTIAL|; find app/Models -name '*.php' -exec grep -L 'namespace App\\Models' {} \;; grep -r "DB::table\|DB::select" app/Http app/Services | grep -v "// Exception" | wc -l
89f8a41d-910d-4c69-8895-561e5b3addac|Adopt PHPUnit for Unit Testing in Domain-Driven Architecture: Unit Test Files|1|1|1|3|PARTIAL|; grep -r 'use PHPUnit\\Framework\\TestCase' tests/Unit/Domains/ | wc -l
88f22b0c-3759-4e20-9007-a255306f0092|Use Laravel Hash Facade for Password Credential Storage: Hash Facade Configuration|3|0|1|4|PASS|
8b9eee9a-7d7a-4597-ba4a-f4de8c05a970|Standardize Primary Datastore Access Patterns in Domain Services and Helpers: Helper Classes Provide|1|0|2|3|PASS|
8bdfea52-9699-4aa7-ba60-f105bc094334|Standardize Laravel Fortify for Authentication Runtime: Authentication Operations Password|2|0|1|3|PASS|
8c7dc55b-bdb5-4100-8a05-9f17600fb141|Adopt Domain-Driven DAV/CardDAV Integration Pattern for External Contact Synchronization: Viewhelper Classes Used|4|0|0|4|PASS|
8dab39d9-f63d-495f-9710-def448ab57be|Standardize Logging with Laravel Log Facade in DAV and Job Components: Console Commands Performing|2|0|1|3|PASS|
8d6d615d-17b4-4796-b539-67c04cb30837|Adopt Eloquent ORM Models as Standard Data Access Layer: Each Model Correspond|1|2|1|4|PARTIAL|; find app/Models -type f -name '*.php' | xargs grep -L 'namespace App\\Models'; grep -r 'DB::select\|DB::insert\|DB::update\|DB::delete' app/Http/Controllers/ app/Services/ | grep -v 'raw query approved'
902b40b7-4d77-487b-9ded-dd4c4b19ef73|Adopt Domain-Driven Resource Modeling for Data Access Layer: Domain Entities Represented|3|0|0|3|PASS|
8fc41237-4c54-4f52-bc62-06b7ff86d04f|Standardize PHPUnit Test Structure with setUp and Trait-Based Helpers: Test Classes Use|3|0|0|3|PASS|
90f87fea-17ec-4c93-b385-6e9fadb6fee9|Standardize Logging with Laravel Log Facade in DAV and Job Components: Synchronization Services Use|2|0|1|3|PASS|
91c97897-ce9c-4bcf-8c78-9f06b9109a99|Adopt PHPUnit for Unit Testing in Domain-Driven Architecture: Tests Use Phpunit|1|1|1|3|PARTIAL|; grep -r 'use PHPUnit\\Framework\\TestCase' tests/Unit/Domains/ | wc -l
924258c8-2bac-4eec-bc77-cd0919b2e012|Adopt Domain-Driven Controller Organization for Journal Management: Controllers Handling Journal|2|0|1|3|PASS|
93a0e5b9-e594-45b2-98eb-64946e4817ad|Adopt PHP as Primary Backend Language for Laravel-Based Web Applications: Deployment Environment Provide|1|0|2|3|PASS|
93eb007a-44e8-410f-882b-5c7d294f09f4|Standardize Password Hashing for Authentication Operations: Password Hashing Logic|2|0|1|3|PASS|
8edc9dab-8a23-4a8f-9dc7-c078feee8f99|Standardize Eloquent Models as Primary Data Access Layer with Public API Contracts: Database Entities Represented|2|1|0|3|PARTIAL|; find app/Models -name '*.php' -exec php -l {} \; | grep -v 'No syntax errors'
94696166-6c7f-45cf-9104-f07b8c194662|Adopt Internationalization (i18n) Language Files for Multi-Language Support: Each Locale Provide|2|0|1|3|PASS|
9b7e4695-61f7-4a9f-9c92-61c457fd33e7|Adopt Eloquent ORM Models as Standard Data Modeling Pattern: Domain Entities That|1|1|1|3|PARTIAL|; find app/Models -type f -name '*.php' | xargs grep -L 'extends Model' | wc -l | grep -q '^0$'
a065e6c8-b715-403c-84d6-552bdaccd738|Standardize Logging with Laravel Log Facade in DAV and Job Components: Dav Backend Implementations|2|0|1|3|PASS|
9e0f9479-7763-43f5-8ae3-8f2891465f42|Organize Test Files by Domain and Feature Modules: Domain Boundaries Enforced|3|0|0|3|PASS|
40ee2683-12e9-4558-b878-f94621632fc3|Adopt Encrypted Secrets Management in CI/CD Pipeline: Pipeline Logs Not|3|0|0|3|PASS|
423d834d-3a87-4ccd-ae97-57c69c5b5b72|Adopt Encrypted Secrets Management in CI/CD Pipeline: Secrets Credentials Encryption|3|0|0|3|PASS|
a1e04203-ee4a-4c53-9459-0d2bebd4b0b7|Adopt Laravel Fortify for Authentication Action Standardization: Domain Specific User|0|3|1|4|FAIL|; grep -r "extends.*Fortify" app/Actions/Fortify/ | wc -l; find app/Domains -name "*Service.php" -path "*/Services/*" | wc -l; grep -r "use Illuminate\\Support\\Facades\\Hash" app/Actions/Fortify app/Domains/Settings | wc -l
a1e929a7-d349-45d9-a52a-ede8e2c421fe|Adopt Modular Architecture with Factory-Based Component Generation: Scheduled Tasks Defined|2|1|0|3|PARTIAL|; find app/Domains -type f -name '*.php' | xargs grep -L 'namespace App\\Domains' | wc -l | grep -q '^0$'
a391fc2a-eeb5-4741-aa56-40ac072f72c3|Adopt Internationalization (i18n) Language Files for Multi-Language Support: Language Files Organized|2|0|1|3|PASS|
a62f0b80-bf68-497a-917f-a441072b1f9f|Adopt Modular Architecture with Factory-Based Component Generation: View Helpers Isolated|2|1|0|3|PARTIAL|; find app/Domains -type f -name '*.php' | xargs grep -L 'namespace App\\Domains' | wc -l | grep -q '^0$'
a68f877c-98a9-4aab-b809-d4452f32fd2a|Standardize Unit and Feature Test Organization in CI/CD Pipeline: Unit Tests Placed|2|0|2|4|PASS|
a3ea50a3-a21a-4035-9f7a-ba81980a5282|Adopt Eloquent ORM Models as Standard Data Modeling Pattern: Models Define Casts|2|0|1|3|PASS|
a751f302-4abe-47b7-a649-83047c8381c9|Standardize Laravel Fortify for Authentication Runtime: Domain Services That|2|0|1|3|PASS|
a846e31e-3245-443c-be8a-6feffd2722a5|Standardize Password Hashing for Authentication Operations: Password Hashing Occur|2|0|1|3|PASS|
ac8c0091-48f0-4cb9-8c91-950d8deed732|Standardize Password Hashing for Authentication Operations: Password Update Operations|2|0|1|3|PASS|
a8d44ae5-80fb-414f-8b08-782ebbb64261|Use Laravel Hash Facade for Password Credential Storage: Password Credentials Hashed|3|0|1|4|PASS|
ad332797-5cfe-4ff4-a90e-cb3b791d9116|Adopt Modular Architecture with Factory-Based Component Generation: Database Entity Factories|2|1|0|3|PARTIAL|; find app/Domains -type f -name '*.php' | xargs grep -L 'namespace App\\Domains' | wc -l | grep -q '^0$'
a53809ab-9e08-421e-9c0f-43fb6b67f33a|Standardize Eloquent Models as Primary Data Access Layer with Public API Contracts: Models Define Custom|2|1|0|3|PARTIAL|; find app/Models -name '*.php' -exec php -l {} \; | grep -v 'No syntax errors'
add7a807-0256-413c-a289-419c2148eab1|Standardize Exception and Logging Formatting for External API Responses: Exception Formatters Include|0|2|1|3|FAIL|; grep -r "class.*Exception" app/ | xargs -I {} sh -c 'grep -l "Formattable\|toArray\|toJson" {}'; grep -r "use.*Loggable" app/ | xargs -I {} sh -c 'grep -l "format\|toArray" {}'
b1a52f3a-89dd-445d-9af0-3822c053089f|Adopt Eloquent ORM Models as Standard Data Access Layer: Model Specific Business|1|2|1|4|PARTIAL|; find app/Models -type f -name '*.php' | xargs grep -L 'namespace App\\Models'; grep -r 'DB::select\|DB::insert\|DB::update\|DB::delete' app/Http/Controllers/ app/Services/ | grep -v 'raw query approved'
80fd3d94-cbdd-4496-a2ff-0c39ccc71654|Adopt Mock-Based Unit Testing for External Service Dependencies in CI/CD Pipeline: Teams Use Contract|1|1|1|3|PARTIAL|; grep -r "new.*Client\|->connect\|->request" tests/Unit/ | grep -v "Mock\|Stub\|Fake" | wc -l
4c9a1737-eb59-49ee-9239-9c8bc4efe4cc|Adopt Encrypted Secrets Management in CI/CD Pipeline: Secrets Rotation Policies|3|0|0|3|PASS|
b37c147d-bd15-417e-af11-bff3b3c111c5|Standardize Password Hashing for Authentication Operations: Password Validation Rules|2|0|1|3|PASS|
b347b046-c7f7-499b-886e-1ebe42d85499|Standardize Primary Datastore Access Patterns in Domain Services and Helpers: Background Jobs That|1|0|2|3|PASS|
b721fbb2-576c-4ff0-a07e-5cffdd9af046|Adopt Laravel Fortify for Authentication with Centralized Input Validation: User Input Authentication|3|0|1|4|PASS|
b61bede0-6d53-41ac-b952-dc5eb93f89ac|Adopt Laravel Fortify for Authentication with Centralized Input Validation: Authentication Operations Registration|3|0|1|4|PASS|
b7e5fc35-6aa6-4382-8996-054624f6fd77|Adopt Modular Architecture with Factory-Based Component Generation: Console Commands Application|2|1|0|3|PARTIAL|; find app/Domains -type f -name '*.php' | xargs grep -L 'namespace App\\Domains' | wc -l | grep -q '^0$'
b4dae623-3058-48d0-afeb-accbf4ba7a4b|Adopt Eloquent ORM Models as Standard Data Modeling Pattern: Models Include Accessor|2|0|1|3|PASS|
b88f3d24-3a6e-4cda-b188-d1038b7fddf1|Adopt Domain-Driven Service Layer Architecture for Business Operations: Controllers Placed Web|3|0|0|3|PASS|
bb5c8a30-03d0-451e-86c5-d90b076322c4|Standardize PHPUnit Test Structure with setUp and Trait-Based Helpers: Test Methods Use|3|0|0|3|PASS|
bbd004cc-474a-461f-bcf2-a2c1ba34779e|Adopt Domain-Driven DAV/CardDAV Integration Pattern for External Contact Synchronization: Non Compliant Dav|4|0|0|4|PASS|
bb7998e4-4841-498c-99e8-aa8427fdddf6|Standardize External API Integration with DAV Protocol and DTO Pattern: External Integrations Define|4|0|0|4|PASS|
bd47dabb-bb25-4556-b4c3-6b6a33b338c9|Adopt Eloquent ORM Models as Standard Data Modeling Pattern: Each Model Class|1|1|1|3|PARTIAL|; find app/Models -type f -name '*.php' | xargs grep -L 'extends Model' | wc -l | grep -q '^0$'
bc70d5b5-a5ee-48f2-b3f9-6acbb64696c7|Adopt Internationalization (i18n) Language Files for Multi-Language Support: User Facing Strings|2|0|1|3|PASS|
bc8f8d8d-a0a1-4652-af3c-50f12994e405|Standardize Password Hashing for Authentication Operations: Password Storage Operations|2|0|1|3|PASS|
bec188a2-d96a-4b97-b5a1-e6dc13f4a3ad|Standardize Password Hashing for Authentication Operations: Test Suites Verify|2|0|1|3|PASS|
b9b058d4-169a-4ff7-901c-02d8ab5f74b6|Enforce Authorization Checks at Controller Entry Points: Controller Methods That|1|1|1|3|PARTIAL|; grep -r "public function" app/Domains/*/Web/Controllers/ | grep -v "authorize\|policy\|gate" | head -20
bed99b1b-21df-41f4-9ae1-2847b9d3750d|Adopt Domain-Driven Resource Modeling for Data Access Layer: Data Models Follow|3|0|0|3|PASS|
beb4ab1b-183b-44f7-8723-3fffcfe24658|Adopt Eloquent ORM Models as Standard Data Modeling Pattern: Models Define Query|2|0|1|3|PASS|
5f86d0f1-4a1d-4318-8442-5d309f372d0d|Adopt Encrypted Secrets Management in CI/CD Pipeline: Teams Use Environment|3|0|0|3|PASS|
bee17709-5b6f-4caf-996b-7b6d427a7271|Adopt HTTP Client Libraries for External API Integration: Dav Caldav Carddav|2|1|0|3|PARTIAL|; grep -r "curl_exec\|fsockopen" app/ --include="*.php" | wc -l
c0884e72-f52d-4eb6-9dad-7f09c7212cfd|Standardize Authentication Middleware for Journal Management Controllers: New Controllers Added|1|2|0|3|PARTIAL|; grep -r "__construct" app/Domains/Vault/ManageJournals/Web/Controllers/*.php | wc -l; grep -r "middleware" app/Domains/Vault/ManageJournals/Web/Controllers/*.php | grep -v "//" | wc -l
bfe8f016-5485-4312-8113-392f4ecd604b|Use Laravel Hash Facade for Password Credential Storage: Password Verification Use|3|0|1|4|PASS|
bfcd7329-c10f-4447-9c63-0de187fd64a2|Adopt Eloquent ORM Models as Standard Data Access Layer: Models Define Fillable|1|2|1|4|PARTIAL|; find app/Models -name '*.php' -exec grep -L 'namespace App\\Models' {} \;; grep -r "DB::table\|DB::select" app/Http app/Services | grep -v "// Exception" | wc -l
c237bf13-7727-4b05-bca4-2819c39e5a23|Adopt Internationalization (i18n) Language Files for Multi-Language Support: Business Logic Code|2|0|1|3|PASS|
c450e440-ba1d-4ff1-988a-543e756aa364|Adopt CardDAV/WebDAV Protocol for External Contact Synchronization: Dav Client Services|4|0|0|4|PASS|
c55d7160-bcb3-4435-b28e-dc312f0cccc8|Use Laravel Hash Facade for Password Credential Storage: Applications Implement Automatic|3|0|1|4|PASS|
c60e5ecb-fb56-48c2-81be-bf016a5dfe70|Adopt Modular Architecture with Factory-Based Component Generation: Module Initialization Logic|2|1|0|3|PARTIAL|; find app/Domains -type f -name '*.php' | xargs grep -L 'namespace App\\Domains' | wc -l | grep -q '^0$'
c7303b12-b7b3-4b2f-9c82-35a9a6304e8c|Standardize Authentication Middleware for Journal Management Controllers: Authentication Middleware Configured|1|2|0|3|PARTIAL|; grep -r "__construct" app/Domains/Vault/ManageJournals/Web/Controllers/*.php | wc -l; grep -r "middleware" app/Domains/Vault/ManageJournals/Web/Controllers/*.php | grep -v "//" | wc -l
c995e5f9-7290-4c27-8c7c-bccdf705c20b|Adopt Modular Architecture with Factory-Based Component Generation: Modules Define Their|2|1|0|3|PARTIAL|; find app/Domains -type f -name '*.php' | xargs grep -L 'namespace App\\Domains' | wc -l | grep -q '^0$'
c7d508f8-a653-4b4e-81f9-abb9a93be690|Adopt HTTP Client Libraries for External API Integration: Http Client Implementations|2|1|0|3|PARTIAL|; grep -r "curl_exec\|fsockopen" app/ --include="*.php" | wc -l
c9e7bfd4-6df4-4c64-8def-83ce061810ea|Standardize External API Integration with DAV Protocol and DTO Pattern: External Integrations Use|4|0|0|4|PASS|
ca4cce63-f69d-483a-b989-212b296d8c98|Standardize Primary Datastore Access Patterns in Domain Services and Helpers: Domain Services View|1|0|2|3|PASS|
cb1b3330-310b-40bb-8674-347ca401622b|Standardize External API Integration with DAV Protocol and DTO Pattern: Resource Import Operations|4|0|0|4|PASS|
c760811d-217f-4695-ae27-0b5a0573dc99|Standardize Eloquent Models as Primary Data Access Layer with Public API Contracts: Models Use Explicit|2|1|0|3|PARTIAL|; find app/Models -name '*.php' -exec php -l {} \; | grep -v 'No syntax errors'
cb91e6a8-89f5-4f74-b1ab-2670448d6271|Standardize Exception and Logging Formatting for External API Responses: Exception Formatters Not|0|2|1|3|FAIL|; grep -r "class.*Exception" app/ | xargs -I {} sh -c 'grep -l "Formattable\|toArray\|toJson" {}'; grep -r "use.*Loggable" app/ | xargs -I {} sh -c 'grep -l "format\|toArray" {}'
cd5178e5-b2ff-4f5b-92f3-46eb906290d3|Standardize Unit and Feature Test Organization in CI/CD Pipeline: Domain Specific Tests|2|0|2|4|PASS|
ce630fe3-deb7-4e5b-920a-d4dc4a384ce7|Adopt Eloquent ORM Models as Standard Data Access Layer: Eloquent Relationships Hasmany|1|2|1|4|PARTIAL|; find app/Models -type f -name '*.php' | xargs grep -L 'namespace App\\Models'; grep -r 'DB::select\|DB::insert\|DB::update\|DB::delete' app/Http/Controllers/ app/Services/ | grep -v 'raw query approved'
cf364dcd-14b3-49be-bc96-74303c317f64|Standardize Public API Contract Design with Interface-Based DTOs and Exception Handling: Public Endpoints External|4|0|0|4|PASS|
cfd35414-1a5c-41f7-ba2c-0840b6542a06|Organize Domain Logic Using Domain-Driven Design Bounded Contexts: Service Classes Encapsulate|0|3|0|3|FAIL|; find app/Domains -type f -name '*Controller.php' | xargs grep -L 'namespace.*\\Web\\Controllers' | wc -l | grep -q '^0$'; find app/Domains -type f -name '*Service.php' -path '*/Services/*' | wc -l; grep -r 'class.*Controller' app/Domains --include='*.php' | grep -v 'namespace.*\\Web\\Controllers' | wc -l | grep -q '^0$'
bdc940dd-2f32-46e2-b0a4-cc6e670fb15f|Adopt Mock-Based Unit Testing for External Service Dependencies in CI/CD Pipeline: Unit Tests Not|1|1|1|3|PARTIAL|; grep -r "new.*Client\|->connect\|->request" tests/Unit/ | grep -v "Mock\|Stub\|Fake" | wc -l
cfd4dd30-b9be-4ee8-9776-3abb24c0fbd4|Standardize Public API Contract Design with Interface-Based DTOs and Exception Handling: Public Throw Domain|4|0|0|4|PASS|
d031242b-0a27-4227-8bff-b89ec676f543|Adopt Domain-Driven Module Boundaries with External API Integration Layers: Data Transfer Between|3|0|0|3|PASS|
cdbdea67-9d0d-43d9-9a16-113949748ce5|Standardize Eloquent Models as Primary Data Access Layer with Public API Contracts: Models Define Their|2|1|0|3|PARTIAL|; find app/Models -name '*.php' -exec php -l {} \; | grep -v 'No syntax errors'
d1f86451-4517-49c5-b302-e6d88189cbe6|Adopt Domain-Driven Module Boundaries with External API Integration Layers: Core Domain Entities|3|0|0|3|PASS|
d6a96770-7969-44b9-accd-17e20f488207|Organize Domain Logic Using Domain-Driven Design Bounded Contexts: Domains Contain Additional|0|3|0|3|FAIL|; find app/Domains -type f -name '*Controller.php' | xargs grep -L 'namespace.*\\Web\\Controllers' | wc -l | grep -q '^0$'; find app/Domains -type f -name '*Service.php' -path '*/Services/*' | wc -l; grep -r 'class.*Controller' app/Domains --include='*.php' | grep -v 'namespace.*\\Web\\Controllers' | wc -l | grep -q '^0$'
d84f6141-88e9-4b7e-a9d5-3f00a3fa4b85|Adopt CardDAV/WebDAV Protocol for External Contact Synchronization: Contact Operations Create|4|0|0|4|PASS|
da2d9fdd-c30a-4f9c-97df-b8b4603cd180|Adopt Domain-Driven Controller Organization for Journal Management: Related Controllers Handling|2|0|1|3|PASS|
da55e6c3-05aa-4640-b293-243046781e92|Standardize Laravel Fortify for Authentication Runtime: Account Lifecycle Operations|2|0|1|3|PASS|
de524ec4-1356-4d9f-ba13-f01fe4c029c6|Adopt Laravel Migrations as Standard Database Schema Management: Migration Files Follow|2|1|1|4|PARTIAL|; find database/migrations -name '*.php' -type f | wc -l | grep -E '^[0-9]+$'
e1b653a4-3328-4cd6-96f9-47d24e2eeae1|Adopt Laravel Migrations as Standard Database Schema Management: Each Migration File|2|1|1|4|PARTIAL|; find database/migrations -name '*.php' -type f | wc -l | grep -E '^[0-9]+$'
e0e16cfa-ada2-4b49-9b83-66e68c1c14fb|Adopt Eloquent ORM Models as Standard Data Access Layer: Models Define Their|1|2|1|4|PARTIAL|; find app/Models -type f -name '*.php' | xargs grep -L 'namespace App\\Models'; grep -r 'DB::select\|DB::insert\|DB::update\|DB::delete' app/Http/Controllers/ app/Services/ | grep -v 'raw query approved'
e3e373c9-cabb-40b0-b426-cc8a3dc851b1|Adopt Quality Gates Pattern for Domain Service Layer Validation: Quality Gates Validate|0|2|1|3|FAIL|; grep -r 'function.*(' app/Domains/*/Services/ app/Domains/*/Web/ViewHelpers/ app/Domains/*/Web/Controllers/ | wc -l; grep -r 'throw new.*Exception\|if.*empty\|if.*null\|assert\|validate' app/Domains/*/Services/ app/Domains/*/Web/ViewHelpers/ | wc -l
e4668c81-6265-412c-8438-9df07d6ffd94|Adopt Laravel Migrations as Standard Database Schema Management: Migrations Include Appropriate|2|1|1|4|PARTIAL|; find database/migrations -name '*.php' -type f | wc -l | grep -E '^[0-9]+$'
e5e7767c-690b-4fe2-bebc-1e1d8bb7f6b5|Standardize Logging with Laravel Log Facade in DAV and Job Components: Background Jobs Handling|2|0|1|3|PASS|
e62d0c1d-c71e-46d0-8982-a09e16df9591|Standardize Logging with Laravel Log Facade in DAV and Job Components: Davclient Service Classes|2|0|1|3|PASS|
e6c29d75-bd5b-4812-a87c-7b366569a340|Adopt Quality Gates Pattern for Domain Service Layer Validation: Quality Gate Failures|0|2|1|3|FAIL|; grep -r 'function.*(' app/Domains/*/Services/ app/Domains/*/Web/ViewHelpers/ app/Domains/*/Web/Controllers/ | wc -l; grep -r 'throw new.*Exception\|if.*empty\|if.*null\|assert\|validate' app/Domains/*/Services/ app/Domains/*/Web/ViewHelpers/ | wc -l
e8db1dff-0699-4788-9314-f5b96fea88a7|Adopt Modular Architecture with Factory-Based Component Generation: Domain Modules Organized|2|1|0|3|PARTIAL|; find app/Domains -type f -name '*.php' | xargs grep -L 'namespace App\\Domains' | wc -l | grep -q '^0$'
e853bc07-2c2f-4cde-8257-14b3b6c4a3a7|Standardize Public API Contract Design with Interface-Based DTOs and Exception Handling: Public Implement Versioning|4|0|0|4|PASS|
e91301f7-fcbc-4ffc-8527-1ad9bb6d6235|Adopt Laravel Migrations as Standard Database Schema Management: Migration Files Use|2|1|1|4|PARTIAL|; find database/migrations -name '*.php' -type f | wc -l | grep -E '^[0-9]+$'
ecd59476-bd17-41e9-98f9-a899bb68cccd|Adopt CardDAV/WebDAV Protocol for External Contact Synchronization: Contact Data Interchange|4|0|0|4|PASS|
edb040ab-030d-4b1d-b1c6-b1b24cec073c|Adopt Inertia.js with SSR for Frontend-Backend Integration: Applications Implement Custom|4|0|0|4|PASS|
ce19b37d-a167-4081-8153-dde9d672f90d|Adopt Mock-Based Unit Testing for External Service Dependencies in CI/CD Pipeline: Mock Expectations Verify|1|1|1|3|PARTIAL|; grep -r "new.*Client\|->connect\|->request" tests/Unit/ | grep -v "Mock\|Stub\|Fake" | wc -l
ee1e94f1-ac78-41ec-bfaa-dd1cdca35d65|Adopt PHPUnit for Unit Testing in Domain-Driven Architecture: Test Suites Executable|1|1|1|3|PARTIAL|; grep -r 'use PHPUnit\\Framework\\TestCase' tests/Unit/Domains/ | wc -l
e9c63133-51ae-46d1-bfea-bf99db1c964a|Standardize Eloquent Models as Primary Data Access Layer with Public API Contracts: Business Logic Not|2|1|0|3|PARTIAL|; find app/Models -name '*.php' -exec php -l {} \; | grep -v 'No syntax errors'
eeb09a08-21f6-4132-b777-0ceb11a92b1e|Adopt HTTP Client Libraries for External API Integration: External Integrations Wrapped|2|1|0|3|PARTIAL|; grep -r "curl_exec\|fsockopen" app/ --include="*.php" | wc -l
d69e9baf-c64d-4723-9391-8d820616f058|Adopt Mock-Based Unit Testing for External Service Dependencies in CI/CD Pipeline: Mock Objects Simulate|1|1|1|3|PARTIAL|; grep -r "new.*Client\|->connect\|->request" tests/Unit/ | grep -v "Mock\|Stub\|Fake" | wc -l
efefccb5-1480-4e0e-a7b6-b8f519625954|Adopt PHPUnit for Unit Testing in Domain-Driven Architecture: Each Service Class|1|1|1|3|PARTIAL|; grep -r 'use PHPUnit\\Framework\\TestCase' tests/Unit/Domains/ | wc -l
f100deac-086f-49d8-a1e6-005a1fa3c9fc|Adopt Inertia.js for Server-Driven Single Page Application Rendering: Data Passed Frontend|1|1|1|3|PARTIAL|; grep -r "return view(" app/Domains/Vault/ManageJournals/Web/Controllers/ | wc -l
f13d0bb5-dbbd-434d-8e38-0b0fadf0c10b|Enforce Public API Contract Testing in CI/CD Pipeline: Contract Tests Organized|1|1|1|3|PARTIAL|; grep -r 'public function test' tests/Unit/Domains/Settings/ | wc -l
f1d9bae2-34e5-48a7-8602-d27f76fef727|Organize Domain Logic Using Domain-Driven Design Bounded Contexts: Domain Boundaries Align|0|3|0|3|FAIL|; find app/Domains -type f -name '*Controller.php' | xargs grep -L 'namespace.*\\Web\\Controllers' | wc -l | grep -q '^0$'; find app/Domains -type f -name '*Service.php' -path '*/Services/*' | wc -l; grep -r 'class.*Controller' app/Domains --include='*.php' | grep -v 'namespace.*\\Web\\Controllers' | wc -l | grep -q '^0$'
f276407f-5e0e-4f16-8764-17e1729b5f10|Organize Test Files by Domain and Feature Modules: Test File Names|3|0|0|3|PASS|
f2d205c1-11e0-477c-9690-838a4fc4c0f7|Adopt Inertia.js for Server-Driven Single Page Application Rendering: Controllers Return Inertia|1|1|1|3|PARTIAL|; grep -r "return view(" app/Domains/Vault/ManageJournals/Web/Controllers/ | wc -l
f2fe4ba0-7c57-49c4-b0ec-477a6e962406|Enforce Public API Contract Testing in CI/CD Pipeline: Teams Implement Contract|1|1|1|3|PARTIAL|; grep -r 'public function test' tests/Unit/Domains/Settings/ | wc -l
f4dcedcd-01c1-40f2-bf3e-532753f9545c|Adopt Domain-Driven Service Layer Pattern for Journal Management: Domain Operations Organized|2|1|0|3|PARTIAL|; find app/Domains/*/Services -type f -name '*.php' | wc -l
f6ccca86-1e00-4617-a42a-078447a88c57|Adopt Domain-Driven Service Layer Pattern for Journal Management: Services Composed Together|2|1|0|3|PARTIAL|; find app/Domains/*/Services -type f -name '*.php' | wc -l
a5131267-f08c-42cb-bab7-62430a0c17c7|Adopt Domain-Driven Test Organization with Mirrored Directory Structure: Test Files Organized|1|1|1|3|PARTIAL|; grep -r 'namespace.*Tests\\Unit\\Domains' tests/Unit/Domains --include='*.php' | awk -F: '{print $1}' | while read f; do ns=$(grep namespace $f | head -1 | sed 's/.*namespace //;s/;//'); path=$(echo $ns | sed 's/\\/\//g' | sed 's/Tests\/Unit\///'); expected="tests/Unit/$path"; actual=$(dirname $f); [ "$expected" = "$actual" ] || echo "Mismatch: $f"; done
f702bdd3-d4a7-490d-bfed-480f33fcb6c6|Adopt Inertia.js with SSR for Frontend-Backend Integration: Feature Gating Middleware|4|0|0|4|PASS|
f721bc88-3d09-4f27-9d54-82c9a14449eb|Standardize Password Hashing for Authentication Operations: Plain Text Passwords|2|0|1|3|PASS|
f7e9c4f5-62bc-406f-ad3d-3e071e239c3e|Adopt Inertia.js with SSR for Frontend-Backend Integration: Frontend Backend Integration|4|0|0|4|PASS|
f83906b5-da81-4944-8868-b92cd9475654|Adopt Inertia.js for Server-Driven Single Page Application Rendering: Controllers Use Inertia|1|1|1|3|PARTIAL|; grep -r "return view(" app/Domains/Vault/ManageJournals/Web/Controllers/ | wc -l
f7f3073f-b38e-42ab-a93c-b165d8ce102f|Adopt Inertia.js with SSR for Frontend-Backend Integration: Server Side Rendering|4|0|0|4|PASS|
aa16eaed-34a6-4b79-b715-2c52a8d3dda1|Adopt Domain-Driven Test Organization with Mirrored Directory Structure: Tests Organized Architectural|1|1|1|3|PARTIAL|; grep -r 'namespace.*Tests\\Unit\\Domains' tests/Unit/Domains --include='*.php' | awk -F: '{print $1}' | while read f; do ns=$(grep namespace $f | head -1 | sed 's/.*namespace //;s/;//'); path=$(echo $ns | sed 's/\\/\//g' | sed 's/Tests\/Unit\///'); expected="tests/Unit/$path"; actual=$(dirname $f); [ "$expected" = "$actual" ] || echo "Mismatch: $f"; done
f860e50a-8705-4fae-80aa-464861bfa2e0|Enforce Public API Contract Testing in CI/CD Pipeline: Test Coverage Public|1|1|1|3|PARTIAL|; grep -r 'public function test' tests/Unit/Domains/Settings/ | wc -l
f8751a15-220f-411a-9e18-e90b01206980|Adopt Eloquent ORM Models as Standard Data Access Layer: Controllers Services Not|1|2|1|4|PARTIAL|; find app/Models -type f -name '*.php' | xargs grep -L 'namespace App\\Models'; grep -r 'DB::select\|DB::insert\|DB::update\|DB::delete' app/Http/Controllers/ app/Services/ | grep -v 'raw query approved'
f993a33d-d351-4181-80f1-298eba554cdf|Adopt Quality Gates Pattern for Domain Service Layer Validation: Synchronization Services That|0|2|1|3|FAIL|; grep -r 'function.*(' app/Domains/*/Services/ app/Domains/*/Web/ViewHelpers/ app/Domains/*/Web/Controllers/ | wc -l; grep -r 'throw new.*Exception\|if.*empty\|if.*null\|assert\|validate' app/Domains/*/Services/ app/Domains/*/Web/ViewHelpers/ | wc -l
f89b7e46-319f-465e-a7c2-8782e47e3bdc|Adopt Eloquent ORM Models as Standard Data Access Layer: Database Backed Entities|1|2|1|4|PARTIAL|; find app/Models -type f -name '*.php' | xargs grep -L 'namespace App\\Models'; grep -r 'DB::select\|DB::insert\|DB::update\|DB::delete' app/Http/Controllers/ app/Services/ | grep -v 'raw query approved'
fa134934-46f5-4885-bc34-99061702935c|Adopt Laravel Fortify for Authentication with Centralized Input Validation: Authentication Logic Not|3|0|1|4|PASS|
f9cc8e89-8011-4da8-9f01-0a8d179b4326|Standardize PHPUnit Test Structure with setUp and Trait-Based Helpers: Unit Tests Organized|3|0|0|3|PASS|
fa93d7a7-7204-4885-9bcb-208d5752f05a|Standardize Laravel Fortify for Authentication Runtime: Domain Services Not|2|0|1|3|PASS|
f9afa568-fb15-4902-99a0-47e7a6d5a0a5|Adopt Eloquent ORM Models as Standard Data Modeling Pattern: Model Classes Placed|2|0|1|3|PASS|
fc7035be-3bfa-4709-9784-577246ebc142|Adopt Domain-Driven Service Layer Pattern for Journal Management: Web Controllers Managejournals|2|1|0|3|PARTIAL|; find app/Domains/*/Services -type f -name '*.php' | wc -l
fc0d3991-cc10-47be-94f4-a1972a1fc8d2|Adopt Domain-Driven Resource Modeling for Data Access Layer: Model Classes Organized|3|0|0|3|PASS|
fd24fefa-4e2b-422b-8ff3-a29259a9c9c7|Adopt Domain-Driven Resource Modeling for Data Access Layer: Resource Transformation Logic|3|0|0|3|PASS|
fbd258be-d6a7-4afd-9a2f-02e6f41ab1e2|Adopt Eloquent ORM Models as Standard Data Modeling Pattern: Models Define Their|2|0|1|3|PASS|
fd46c5c4-6b23-4889-9205-7c187f1285b8|Standardize PHPUnit Test Structure with setUp and Trait-Based Helpers: Test Classes Extend|3|0|0|3|PASS|
fdb42346-761f-4b73-bf60-51e401e81776|Adopt PHPUnit for Unit Testing in Domain-Driven Architecture: Unit Tests Written|1|1|1|3|PARTIAL|; grep -r 'use PHPUnit\\Framework\\TestCase' tests/Unit/Domains/ | wc -l
fd4c0958-1984-4239-bf9c-5160d05f9a67|Adopt Eloquent ORM Models as Standard Data Access Layer: Relationships Between Entities|1|2|1|4|PARTIAL|; find app/Models -name '*.php' -exec grep -L 'namespace App\\Models' {} \;; grep -r "DB::table\|DB::select" app/Http app/Services | grep -v "// Exception" | wc -l
fedd36ec-71d8-4caf-a5ba-8494d965142d|Adopt Eloquent ORM Models as Standard Data Access Layer: Business Logic Not|1|2|1|4|PARTIAL|; find app/Models -name '*.php' -exec grep -L 'namespace App\\Models' {} \;; grep -r "DB::table\|DB::select" app/Http app/Services | grep -v "// Exception" | wc -l
bf5cc5b3-a1b6-4817-99f4-5645511394fb|Adopt Domain-Driven Test Organization with Mirrored Directory Structure: Test Directory Root|1|1|1|3|PARTIAL|; grep -r 'namespace.*Tests\\Unit\\Domains' tests/Unit/Domains --include='*.php' | awk -F: '{print $1}' | while read f; do ns=$(grep namespace $f | head -1 | sed 's/.*namespace //;s/;//'); path=$(echo $ns | sed 's/\\/\//g' | sed 's/Tests\/Unit\///'); expected="tests/Unit/$path"; actual=$(dirname $f); [ "$expected" = "$actual" ] || echo "Mismatch: $f"; done
b1543527-8849-49ed-86d7-98bbb8fb6566|Adopt Encrypted Secrets Management in CI/CD Pipeline: Plaintext Secrets Not|3|0|0|3|PASS|
ee6331e1-ae76-405f-8345-75f744792f99|Adopt Domain-Driven Test Organization with Mirrored Directory Structure: Web Concerns Separated|1|1|1|3|PARTIAL|; grep -r 'namespace.*Tests\\Unit\\Domains' tests/Unit/Domains --include='*.php' | awk -F: '{print $1}' | while read f; do ns=$(grep namespace $f | head -1 | sed 's/.*namespace //;s/;//'); path=$(echo $ns | sed 's/\\/\//g' | sed 's/Tests\/Unit\///'); expected="tests/Unit/$path"; actual=$(dirname $f); [ "$expected" = "$actual" ] || echo "Mismatch: $f"; done
ee2af4f4-0466-47cc-95fe-27a70af01dab|Adopt Encrypted Secrets Management in CI/CD Pipeline: Secrets Scoped Minimum|3|0|0|3|PASS|
efdd306d-a4e2-4bae-9e81-c05625e61131|Adopt Encrypted Secrets Management in CI/CD Pipeline: Pipeline Configurations Reference|3|0|0|3|PASS|
